Species	Lifestyle	AA14	CE15	CE16	CE5	GH10	GH11	GH115	GH12	GH134	GH2	GH26	GH27	GH29	GH3	GH30	GH30_7	GH31	GH35	GH36	GH43	GH5	GH5_22	GH5_7	GH51	GH52	GH54	GH62	GH67	GH74	GH8	GH93	GH95
Armbor1	Physalacriaceae	0.02001601281	0.01000800641	0.04003202562	0	0.03002401922	0.005004003203	0.01000800641	0.02001601281	0	0.01000800641	0	0.03002401922	0.01000800641	0.06505204163	0.01000800641	0	0.03502802242	0.02502001601	0	0.05504403523	0	0.01000800641	0.01501200961	0.02502001601	0	0	0	0	0.01000800641	0	0.005004003203	0.005004003203
Armcep1	Physalacriaceae	0.01705029838	0.00852514919	0.03410059676	0	0.02557544757	0.004262574595	0.00852514919	0.01705029838	0	0.00852514919	0	0.02983802217	0.01705029838	0.05967604433	0.004262574595	0	0.02131287298	0.02131287298	0	0.07246376812	0	0.00852514919	0.01278772379	0.01705029838	0	0	0	0	0.00852514919	0	0.004262574595	0.004262574595
Armect1	Physalacriaceae	0.03271180896	0	0.0408897612	0	0.08995747465	0	0.01635590448	0.03271180896	0	0.01635590448	0	0.04906771344	0.02453385672	0.1472031403	0.008177952241	0	0.04906771344	0.0408897612	0	0.09813542689	0	0.01635590448	0.01635590448	0.06542361793	0	0	0	0	0.01635590448	0	0.008177952241	0.01635590448
Armfum1	Physalacriaceae	0.02485243865	0.02485243865	0.04349176763	0	0.04970487729	0.006213109661	0.01242621932	0.02485243865	0	0.01242621932	0	0.03727865797	0.01863932898	0.07455731594	0.006213109661	0	0.03106554831	0.04349176763	0	0.06213109661	0	0.01242621932	0.01863932898	0.02485243865	0	0	0	0	0.01242621932	0	0.006213109661	0.006213109661
Armfus	Physalacriaceae	0.03073707506	0.006147415012	0.0491793201	0	0.04303190508	0	0.01229483002	0.01844224504	0	0.01229483002	0	0.03688449007	0.01844224504	0.06147415012	0.006147415012	0	0.03073707506	0.04303190508	0	0	0	0.01229483002	0.01844224504	0.03073707506	0	0	0	0	0.006147415012	0	0.01229483002	0.006147415012
Armga1	Physalacriaceae	0.01556178027	0.007780890134	0.03112356054	0	0.0233426704	0.003890445067	0.007780890134	0.01556178027	0	0.007780890134	0	0.0233426704	0.01556178027	0.0466853408	0.003890445067	0	0.0233426704	0.02723311547	0	0.04279489574	0	0.007780890134	0.0116713352	0.01945222533	0	0	0	0	0.01556178027	0	0.003890445067	0.003890445067
Armlut1	Physalacriaceae	0.02460872133	0.0147652328	0.05906093119	0	0.02460872133	0.0147652328	0.009843488532	0.01968697706	0	0.009843488532	0	0.0295304656	0.01968697706	0.07382616399	0.004921744266	0	0.0295304656	0.02460872133	0	0.08366965252	0	0.009843488532	0.0147652328	0.02460872133	0	0	0	0	0.009843488532	0	0.004921744266	0.009843488532
Armme1_1	Physalacriaceae	0.02763767014	0.02763767014	0.06909417536	0	0.04145650522	0.01381883507	0.01381883507	0.02763767014	0	0.01381883507	0	0.04145650522	0.02072825261	0.103641263	0.02072825261	0	0.03454708768	0.05527534029	0	0.05527534029	0	0.01381883507	0.02072825261	0.02072825261	0	0	0	0	0.01381883507	0	0.006909417536	0.006909417536
Armmel1	Physalacriaceae	0.02556563978	0.01917422984	0.04473986962	0	0.04473986962	0.01278281989	0.01278281989	0.02556563978	0	0.01278281989	0	0.03834845967	0.01917422984	0.07669691934	0.006391409945	0	0.03834845967	0.03195704973	0	0	0	0.01278281989	0.02556563978	0.02556563978	0	0	0	0	0.01278281989	0	0.006391409945	0.006391409945
Armnab1	Physalacriaceae	0.02103602419	0.0105180121	0.04207204838	0	0.02629503024	0.005259006048	0.0105180121	0.02103602419	0	0.0105180121	0	0.03155403629	0.02103602419	0.06310807257	0.02103602419	0	0.03155403629	0.02629503024	0	0.05784906653	0	0.0105180121	0.01577701814	0.02103602419	0	0	0	0	0.0105180121	0	0.005259006048	0.005259006048
Armnov1	Physalacriaceae	0.02156217994	0.01617163495	0.04851490486	0	0.02695272492	0.005390544984	0.01078108997	0.02156217994	0	0.02156217994	0	0.0323432699	0.02695272492	0.07007708479	0.01078108997	0	0.0323432699	0.05390544984	0	0.05929599483	0	0.01078108997	0.02156217994	0.02156217994	0	0	0	0	0.01078108997	0	0.005390544984	0.005390544984
Armosto1	Physalacriaceae	0.01761726492	0.00880863246	0.03523452984	0	0.02642589738	0.00440431623	0.00880863246	0.01761726492	0	0.00880863246	0	0.02642589738	0.01321294869	0.05285179476	0.00440431623	0	0.03083021361	0.02642589738	0	0.04844747853	0	0.00880863246	0.01321294869	0.01761726492	0	0	0	0	0.00880863246	0	0.00440431623	0.00440431623
Armost1	Physalacriaceae	0.01922060449	0.009610302244	0.03844120898	0	0.02883090673	0.004805151122	0.01922060449	0.01922060449	0	0.009610302244	0	0.03363605785	0.01922060449	0.05766181346	0.009610302244	0	0.02883090673	0.02402575561	0	0.04805151122	0.004805151122	0.009610302244	0.01441545337	0.01922060449	0	0	0	0	0.009610302244	0	0.004805151122	0.009610302244
Armtab1	Physalacriaceae	0.02101723413	0.0157629256	0.05254308533	0	0.02627154266	0	0.01050861707	0.02101723413	0	0.01050861707	0	0.04203446826	0.02101723413	0.07881462799	0.005254308533	0	0.0315258512	0.03678015973	0	0.07356031946	0	0.01050861707	0.0157629256	0.02627154266	0	0	0	0	0.01050861707	0	0.005254308533	0.01050861707
Cylto1	Physalacriaceae	0.02152080344	0.007173601148	0.02869440459	0.02869440459	0.02152080344	0.007173601148	0.007173601148	0.02869440459	0	0.02152080344	0	0.06456241033	0.007173601148	0.05021520803	0.007173601148	0	0.05021520803	0.0143472023	0	0.1362984218	0	0.0143472023	0.007173601148	0.0143472023	0	0	0.007173601148	0	0.0143472023	0	0.0143472023	0.0143472023
Flaro	Physalacriaceae	0.03192440301	0.006384880603	0.03192440301	0.01276976121	0.03192440301	0.006384880603	0.01915464181	0.01276976121	0	0.01915464181	0	0.03192440301	0.01276976121	0.07661856723	0	0	0.02553952241	0.03830928362	0	0	0	0.01276976121	0.01915464181	0.01276976121	0	0	0	0	0.006384880603	0	0.006384880603	0.006384880603
Flave	Physalacriaceae	0.02455393681	0.02455393681	0.09003110165	0.008184645605	0.02455393681	0.008184645605	0.008184645605	0.008184645605	0	0.01636929121	0	0.03273858242	0.008184645605	0.07366181044	0	0	0.04092322802	0.04092322802	0	0.09003110165	0	0.01636929121	0.01636929121	0.008184645605	0	0	0	0	0.008184645605	0	0.008184645605	0.008184645605
Guyne1	Physalacriaceae	0.02101428972	0	0.04903334267	0	0.02801905296	0	0.01400952648	0.02801905296	0	0.01400952648	0	0.04903334267	0.0350238162	0.05603810591	0.007004763239	0	0.04202857943	0.02101428972	0	0.0350238162	0	0.01400952648	0.01400952648	0.02801905296	0	0	0	0	0.007004763239	0	0.007004763239	0.01400952648
Hymrad1	Physalacriaceae	0.02547214439	0.01091663331	0.02183326662	0.00363887777	0.04002765547	0.00363887777	0.01819438885	0.01091663331	0	0.01091663331	0	0.02547214439	0.01455551108	0.04730541101	0.00363887777	0	0.0363887777	0.02547214439	0	0.06186092209	0.00727775554	0.00727775554	0.00727775554	0.02183326662	0	0	0	0.00363887777	0.01091663331	0	0.00363887777	0.00363887777
Oudmuc1	Physalacriaceae	0.02693675251	0.010774701	0.03771145351	0	0.05387350501	0	0.010774701	0.021549402	0	0.0161620515	0	0.03232410301	0.010774701	0.04309880401	0.005387350501	0	0.04309880401	0.03232410301	0	0.07542290701	0	0.010774701	0.010774701	0.021549402	0	0	0	0	0.005387350501	0	0.010774701	0.010774701
Calco1	BR	0.0151779616	0.0075889808	0.0303559232	0	0.0151779616	0.0151779616	0.0151779616	0.0075889808	0	0.0075889808	0.0607118464	0.0151779616	0.0151779616	0.0834787888	0.0151779616	0	0.0607118464	0.0075889808	0.0075889808	0.0303559232	0.0607118464	0.0075889808	0.0151779616	0.0151779616	0	0	0	0	0	0	0	0
Calvi1	BR	0.01615769914	0.008078849572	0.03231539829	0	0.01615769914	0.008078849572	0.02423654872	0.008078849572	0	0.03231539829	0.056551947	0.01615769914	0.01615769914	0.09694619486	0.01615769914	0	0.06463079657	0.008078849572	0.008078849572	0.03231539829	0.09694619486	0.008078849572	0.02423654872	0.01615769914	0	0	0	0	0	0	0	0
Conol1	BR	0.01339764202	0	0.03349410504	0.006698821008	0.02009646302	0	0.01339764202	0.03349410504	0	0.03349410504	0	0.02009646302	0.02679528403	0.0870846731	0	0	0.04689174705	0.01339764202	0	0.02679528403	0.006698821008	0.01339764202	0.01339764202	0.006698821008	0	0	0	0	0	0	0.01339764202	0.006698821008
Conpu1	BR	0.01453382748	0	0.04360148245	0.007266913742	0.02180074123	0	0.01453382748	0.02906765497	0	0.03633456871	0	0.02906765497	0.02906765497	0.09446987864	0.007266913742	0	0.0872029649	0.01453382748	0	0.04360148245	0	0.01453382748	0.02180074123	0.02180074123	0	0	0	0	0	0	0.007266913742	0.007266913742
Daequ1	BR	0.01639478646	0.008197393229	0.08197393229	0	0.03278957292	0	0.008197393229	0.01639478646	0	0.02459217969	0	0.03278957292	0	0.06557914583	0.02459217969	0	0.03278957292	0.008197393229	0	0.03278957292	0	0.01639478646	0.01639478646	0.008197393229	0	0	0	0	0	0	0	0.008197393229
Fibra1	BR	0.02159360829	0	0.04318721658	0	0.03239041244	0	0.02159360829	0.02159360829	0	0.03239041244	0	0.03239041244	0	0.07557762902	0	0	0.06478082488	0.01079680415	0	0.03239041244	0	0.02159360829	0.02159360829	0.03239041244	0	0	0	0	0	0	0	0.01079680415
Fishe1	BR	0.06225542512	0	0.05336179296	0	0.01778726432	0	0.03557452864	0.01778726432	0	0.008893632159	0	0.03557452864	0.008893632159	0.1245108502	0.02668089648	0	0.05336179296	0.02668089648	0	0.01778726432	0.008893632159	0.008893632159	0.008893632159	0.008893632159	0	0	0	0	0.008893632159	0	0	0.008893632159
Fompi3	BR	0.02160604969	0.007202016565	0.05761613252	0	0.02160604969	0	0.007202016565	0.01440403313	0	0.02880806626	0	0.02880806626	0	0.07922218221	0.02160604969	0	0.03601008282	0.01440403313	0	0.05041411595	0	0.01440403313	0.01440403313	0.02160604969	0	0	0	0	0	0	0	0.007202016565
Glotr1_1	BR	0.01688333615	0.008441668074	0.03376667229	0	0.02532500422	0	0.01688333615	0.01688333615	0	0.03376667229	0	0.02532500422	0.008441668074	0.09285834881	0.008441668074	0	0.04220834037	0.01688333615	0	0.05065000844	0	0.01688333615	0.01688333615	0.03376667229	0	0	0	0	0.008441668074	0	0	0.008441668074
Helsul1	BR	0.01591089897	0.007955449483	0.03182179793	0	0.03182179793	0	0.007955449483	0.01591089897	0	0.03182179793	0	0.02386634845	0.007955449483	0.1034208433	0.01591089897	0	0.03977724741	0.01591089897	0	0.0477326969	0	0.01591089897	0.01591089897	0.02386634845	0	0	0	0	0.007955449483	0	0	0.007955449483
Hydpi2	BR	0.02260738508	0.01507159005	0.05275056518	0	0.02260738508	0	0.007535795026	0.02260738508	0	0.02260738508	0	0.04521477016	0.007535795026	0.09796533534	0	0	0.04521477016	0.01507159005	0	0.02260738508	0.02260738508	0.01507159005	0.02260738508	0.007535795026	0	0	0	0	0.007535795026	0	0	0.007535795026
Laesu1	BR	0.02178016553	0	0.05082038623	0	0.02178016553	0	0.02178016553	0.01452011035	0	0.02904022071	0	0.02178016553	0	0.05082038623	0	0	0.02904022071	0.007260055176	0	0.007260055176	0	0.01452011035	0.01452011035	0.01452011035	0	0	0	0	0	0	0	0.007260055176
Neole1	BR	0.01519295047	0.007596475235	0.03038590094	0	0.01519295047	0	0.007596475235	0.01519295047	0	0.02278942571	0	0.02278942571	0.007596475235	0.06836827712	0.01519295047	0	0.03798237618	0.01519295047	0	0.03798237618	0	0.01519295047	0.01519295047	0.02278942571	0	0	0	0	0.007596475235	0	0	0.007596475235
PosplRSB12_1	BR	0.01594769157	0.007973845786	0.03189538314	0	0.02392153736	0	0.007973845786	0.01594769157	0	0.03189538314	0	0.02392153736	0	0.04784307471	0	0	0.03189538314	0.007973845786	0	0.007973845786	0	0.01594769157	0.01594769157	0.007973845786	0	0	0	0	0	0	0	0.007973845786
SerlaS7_3_2	BR	0.020696792	0	0.02759572266	0	0.006898930666	0	0.006898930666	0.006898930666	0	0.020696792	0	0.020696792	0.006898930666	0.07588823732	0	0	0.03449465333	0.020696792	0	0.01379786133	0.006898930666	0.01379786133	0.02759572266	0.006898930666	0	0	0	0	0.006898930666	0	0	0.006898930666
Wolco1	BR	0.01569119724	0.007845598619	0.04707359172	0	0.03138239448	0	0.01569119724	0.01569119724	0	0.02353679586	0	0.02353679586	0	0.06276478895	0	0	0.0392279931	0.01569119724	0	0.007845598619	0	0.01569119724	0.01569119724	0.03138239448	0	0	0	0	0	0	0	0.007845598619
Amamu1	ECM	0.01101746268	0	0.03305238804	0	0	0	0	0	0	0.02203492536	0	0.01101746268	0	0.02203492536	0	0	0.0275436567	0.005508731339	0	0.01652619402	0	0.005508731339	0	0	0	0	0	0	0	0	0	0.005508731339
FlaPMI526_1	ECM	0.01505343971	0.005017813237	0.03512469266	0.05519594561	0.02007125295	0.02007125295	0.01003562647	0.01003562647	0	0.01505343971	0	0.02007125295	0.005017813237	0.05017813237	0.005017813237	0.005017813237	0.02508906618	0.03512469266	0	0.1404987706	0	0.005017813237	0.005017813237	0.01003562647	0	0	0.02007125295	0	0	0	0.02007125295	0.01003562647
Hebcy2	ECM	0.01950331556	0	0.03250552594	0.01950331556	0.006501105188	0	0	0.01950331556	0	0.006501105188	0	0.006501105188	0	0.03250552594	0	0	0.01950331556	0.006501105188	0	0.01300221038	0	0.01300221038	0	0	0	0	0	0	0	0	0	0
Lacam2	ECM	0.02278812739	0	0.02278812739	0.005697031846	0	0	0	0.01139406369	0	0.01139406369	0	0.005697031846	0	0.01139406369	0.005697031846	0	0.02848515923	0.005697031846	0	0	0.01139406369	0	0	0	0	0	0	0	0	0	0	0.005697031846
Lacbi2	ECM	0.01729206294	0	0.008646031472	0.004323015736	0	0	0	0	0	0	0	0	0	0	0	0	0	0	0	0	0	0	0	0	0	0	0	0	0	0	0	0
Paxru2	ECM	0.005263434918	0	0.02631717459	0	0.005263434918	0	0	0	0	0.005263434918	0	0.01579030475	0.005263434918	0.02105373967	0	0	0.01052686984	0.005263434918	0	0	0	0.01579030475	0.01052686984	0.005263434918	0	0	0	0	0	0	0	0.005263434918
Paxin1	ECM	0.01113089938	0	0.02782724844	0	0.005565449688	0	0.005565449688	0	0	0.005565449688	0	0.01113089938	0.02782724844	0.02226179875	0	0	0.02782724844	0.005565449688	0	0	0.01669634907	0.01669634907	0.02226179875	0.005565449688	0	0	0	0	0	0	0	0.005565449688
Pilcr1	ECM	0.00463327619	0	0.02316638095	0	0	0	0	0.009266552379	0	0.01389982857	0	0.01389982857	0.00463327619	0.05096603809	0	0	0.01389982857	0.009266552379	0	0.009266552379	0	0.00463327619	0	0.009266552379	0	0	0	0	0	0	0.00463327619	0.00463327619
Pismi1	ECM	0.009494872769	0	0.009494872769	0	0	0	0	0	0	0.004747436384	0	0.009494872769	0.004747436384	0.02373718192	0	0	0.004747436384	0.004747436384	0	0.01424230915	0	0	0	0	0	0	0	0	0	0	0	0.004747436384
Pisti1	ECM	0.01321527686	0	0.004405092287	0	0	0	0	0	0	0.004405092287	0	0.02202546143	0.004405092287	0.03524073829	0	0	0.01762036915	0.004405092287	0	0.01321527686	0	0	0	0	0	0	0	0	0	0	0	0.004405092287
Rhives1	ECM	0.007033338022	0	0.01406667604	0	0	0	0	0.007033338022	0	0.01406667604	0	0.01406667604	0.01406667604	0.03516669011	0	0	0.05626670418	0.007033338022	0	0	0.007033338022	0.007033338022	0	0.02110001407	0	0	0	0	0	0	0	0.007033338022
Rhivi1	ECM	0.006911327666	0	0.04837929366	0	0	0	0	0.006911327666	0	0.01382265533	0	0.01382265533	0.01382265533	0.03455663833	0	0	0.04837929366	0.006911327666	0	0	0.006911327666	0.006911327666	0.006911327666	0.020733983	0	0	0	0	0	0	0	0.006911327666
Sclci1	ECM	0.01903674091	0	0.01903674091	0	0	0	0	0.004759185227	0	0.004759185227	0	0.01427755568	0.004759185227	0.01427755568	0	0	0.004759185227	0.004759185227	0	0	0	0	0	0	0	0	0	0	0	0	0	0.004759185227
Suibr2	ECM	0.009320533134	0	0.01864106627	0	0	0	0	0.009320533134	0	0.0139807997	0	0.0139807997	0.004660266567	0.04660266567	0	0	0.01864106627	0.004660266567	0	0.004660266567	0.004660266567	0.004660266567	0.009320533134	0.004660266567	0	0	0	0	0	0	0	0.004660266567
Suilu4	ECM	0.01205690861	0	0.01808536291	0	0	0	0	0.01205690861	0	0.02411381722	0	0.01205690861	0.006028454304	0.06028454304	0	0	0.01808536291	0.006028454304	0	0.006028454304	0.006028454304	0.006028454304	0.006028454304	0.006028454304	0	0	0	0	0	0	0	0.006028454304
Tulca1	ECM	0.005086728725	0.01017345745	0.0610407447	0	0.06612747342	0.05595401597	0.01526018617	0.005086728725	0	0.01526018617	0.005086728725	0.01526018617	0.005086728725	0.06612747342	0.01017345745	0.01526018617	0.03052037235	0.01017345745	0.005086728725	0.07121420215	0.01017345745	0.01526018617	0.05086728725	0.01017345745	0	0	0.0203469149	0	0.02543364362	0	0	0.01017345745
Agabi_varbisH97_2	LD	0.01916075877	0.009580379383	0.04790189692	0.0574822763	0.01916075877	0.01916075877	0.01916075877	0.01916075877	0	0.01916075877	0	0.03832151753	0.009580379383	0.07664303506	0.009580379383	0	0.0574822763	0.009580379383	0	0.03832151753	0	0.01916075877	0.009580379383	0.009580379383	0	0	0	0	0.009580379383	0	0	0.009580379383
Agrped1	LD	0.02314680863	0.01157340432	0.03472021295	0.02314680863	0.04629361727	0.01736010648	0.005786702158	0.01157340432	0	0.01157340432	0	0.02314680863	0	0.05208031943	0	0	0.03472021295	0.02314680863	0	0.01736010648	0	0.01157340432	0.01157340432	0.01736010648	0	0	0.01157340432	0	0.005786702158	0	0.01157340432	0.005786702158
Amath1	LD	0.02897430945	0.009658103149	0.02897430945	0.0193162063	0.03863241259	0	0.02897430945	0.02897430945	0	0.0193162063	0	0.03863241259	0.009658103149	0.08692292834	0.009658103149	0	0.04829051574	0.03863241259	0	0.05794861889	0.009658103149	0.0193162063	0.009658103149	0.009658103149	0	0	0	0	0.009658103149	0	0	0.009658103149
Cligib1	LD	0.01049923881	0.01574885821	0.03674733582	0.02624809701	0.03149771642	0	0.01049923881	0.02099847761	0.01049923881	0.01574885821	0	0.02624809701	0	0.05774581343	0	0	0.04199695522	0.05774581343	0	0.03674733582	0.005249619403	0.01049923881	0.01574885821	0.03149771642	0	0	0	0	0.005249619403	0	0	0
Copmic2	LD	0.02971263636	0.0339572987	0.01273398701	0.01273398701	0.0339572987	0.02546797402	0.004244662337	0.008489324674	0	0.01273398701	0	0.004244662337	0	0.0339572987	0	0.008489324674	0.008489324674	0.01697864935	0	0.02546797402	0	0.02122331169	0.01273398701	0.004244662337	0	0	0.01273398701	0	0.004244662337	0	0	0
Copci_AmutBmut1	LD	0.0351000351	0.05616005616	0.0351000351	0.04212004212	0.04212004212	0.04914004914	0.00702000702	0.00702000702	0	0.01404001404	0	0	0	0.04914004914	0	0.00702000702	0.02106002106	0	0	0.02808002808	0	0.01404001404	0.02106002106	0.00702000702	0	0	0.02106002106	0	0.00702000702	0	0	0
Copmar1	LD	0.04100601422	0.06150902132	0.02733734281	0.006834335703	0.03417167851	0.02050300711	0.006834335703	0.006834335703	0	0.01366867141	0	0	0	0.03417167851	0	0.006834335703	0.01366867141	0.006834335703	0	0.02050300711	0	0.01366867141	0.03417167851	0.006834335703	0	0	0.01366867141	0	0.006834335703	0	0	0
Crula1	LD	0.02110001407	0.02110001407	0.04220002813	0.04220002813	0.07033338022	0.007033338022	0.01406667604	0.03516669011	0.007033338022	0.04923336616	0	0.04220002813	0.007033338022	0.07033338022	0.007033338022	0	0.04220002813	0.03516669011	0	0.0633000422	0.02110001407	0.01406667604	0.02813335209	0.0633000422	0	0	0	0	0.007033338022	0	0	0.007033338022
Cyastr2	LD	0.02551779866	0.008505932888	0.02126483222	0.01701186578	0.04252966444	0	0.004252966444	0.01701186578	0.004252966444	0.01275889933	0	0.02126483222	0.008505932888	0.05103559733	0.004252966444	0	0.06379449666	0.01701186578	0	0.03402373155	0	0.008505932888	0.01701186578	0.02551779866	0	0	0	0	0.004252966444	0	0	0.008505932888
Gyman1	LD	0.03063829787	0.003404255319	0.03744680851	0.02042553191	0.02382978723	0.02042553191	0.003404255319	0.02723404255	0	0.01361702128	0.006808510638	0.02723404255	0.006808510638	0.06808510638	0.006808510638	0	0.04425531915	0.02042553191	0	0.02382978723	0	0.003404255319	0.01361702128	0.01361702128	0	0.01361702128	0	0.003404255319	0.003404255319	0	0.006808510638	0.003404255319
Gymlu1	LD	0.02720224872	0.00906741624	0.03173595684	0.01360112436	0.0226685406	0.01813483248	0.00453370812	0.01360112436	0	0.01813483248	0	0.02720224872	0.00453370812	0.07253932992	0.01360112436	0.00906741624	0.05893820556	0.0226685406	0	0.04987078932	0	0.00906741624	0.0226685406	0.0226685406	0	0.00453370812	0.00453370812	0	0.00453370812	0	0.00906741624	0.00906741624
Lepnud1	LD	0.02016129032	0.01344086022	0.06720430108	0.04032258065	0.05376344086	0.01344086022	0.006720430108	0.04032258065	0.006720430108	0.02688172043	0	0.04032258065	0.006720430108	0.0873655914	0.01344086022	0	0.04032258065	0.04032258065	0	0.1075268817	0.006720430108	0.01344086022	0.02016129032	0.04032258065	0	0	0	0	0.006720430108	0	0.01344086022	0.01344086022
Macfu1	LD	0.02531485349	0.01265742675	0.04430099361	0.01265742675	0.06328713373	0.03164356686	0.01265742675	0.01898614012	0	0.02531485349	0	0.03164356686	0.006328713373	0.06328713373	0.006328713373	0	0.05695842035	0.03164356686	0	0.05695842035	0.006328713373	0.01265742675	0.01898614012	0.01898614012	0	0	0	0	0.006328713373	0	0	0.006328713373
Marfi1	LD	0.0175459118	0.005848637268	0.02924318634	0.04094046087	0.02339454907	0.005848637268	0.01169727454	0.02924318634	0	0.02924318634	0	0.02339454907	0.005848637268	0.07018364721	0.005848637268	0	0.04094046087	0.03509182361	0	0.1228213826	0	0.01169727454	0.01169727454	0.0175459118	0	0	0.005848637268	0	0.005848637268	0	0.01169727454	0.0175459118
Myccro1	LD	0.01654478674	0.006617914695	0.02316270143	0.02647165878	0.02316270143	0.006617914695	0.003308957348	0.01323582939	0	0.02647165878	0	0.01323582939	0.006617914695	0.06617914695	0.003308957348	0.006617914695	0.02316270143	0.07610601899	0	0.03970748817	0	0.006617914695	0.009926872043	0.009926872043	0	0	0	0.003308957348	0.003308957348	0	0.01323582939	0.006617914695
Mycepi1	LD	0.01064877672	0.007986582541	0.01597316508	0.02129755344	0.02129755344	0.01863535926	0.005324388361	0.01064877672	0	0.0133109709	0	0.0133109709	0.01064877672	0.1011633789	0.00266219418	0.00266219418	0.01597316508	0.0266219418	0	0.04791949525	0.00266219418	0.005324388361	0.0133109709	0.03993291271	0	0.005324388361	0.005324388361	0.00266219418	0.005324388361	0	0.005324388361	0.007986582541
Mycflo1	LD	0.01017811705	0.01017811705	0.02714164546	0.01696352841	0.02374893978	0.003392705683	0.003392705683	0.006785411366	0	0.01357082273	0	0.02374893978	0.0203562341	0.05089058524	0.006785411366	0.003392705683	0.01357082273	0.0203562341	0	0.04749787956	0	0.01357082273	0.01017811705	0.0203562341	0	0	0.006785411366	0.003392705683	0.003392705683	0	0.003392705683	0.006785411366
Panpap1	LD	0.02290163747	0.02290163747	0.04007786557	0.0858811405	0.1259590061	0.07443032177	0.005725409367	0.0171762281	0	0.01145081873	0	0.05725409367	0	0.06297950303	0	0.0171762281	0.02862704683	0.0171762281	0	0.0687049124	0	0.01145081873	0.0171762281	0.0171762281	0	0	0.01145081873	0	0.005725409367	0	0.0171762281	0.01145081873
Psicub1_1	LD	0.02245340918	0.02245340918	0.04490681835	0.02245340918	0.03742234863	0.02245340918	0.007484469725	0.01496893945	0	0.01496893945	0	0.0299378789	0	0.06736022753	0	0	0.03742234863	0.0299378789	0	0.05239128808	0	0.01496893945	0.01496893945	0.02245340918	0	0	0.01496893945	0	0.007484469725	0	0.007484469725	0.01496893945
Psiser1	LD	0.01937859311	0.01937859311	0.05813577934	0.01937859311	0.03229765519	0.006459531038	0.006459531038	0.006459531038	0	0.01291906208	0	0.02583812415	0	0.06459531038	0	0	0.03875718623	0.02583812415	0	0.02583812415	0	0.01291906208	0.03229765519	0.03229765519	0	0	0.006459531038	0	0.006459531038	0	0	0.006459531038
Ptegra1	LD	0.015536394	0.007768197001	0.04660918201	0.023304591	0.023304591	0.015536394	0.015536394	0.023304591	0	0.03107278801	0	0.03107278801	0	0.116522955	0.007768197001	0	0.03884098501	0.023304591	0	0.07768197001	0	0.015536394	0.015536394	0.015536394	0	0	0.007768197001	0	0	0	0	0.023304591
Rhobut1_1	LD	0.02186270223	0.004372540446	0.04372540446	0.02186270223	0.01311762134	0.01749016178	0.004372540446	0.01311762134	0	0.01749016178	0	0.04809794491	0.004372540446	0.07433318758	0.008745080892	0	0.03935286401	0.01311762134	0	0.03060778312	0.004372540446	0.008745080892	0.01311762134	0.03060778312	0	0	0.004372540446	0.004372540446	0.004372540446	0	0.008745080892	0.004372540446
Ricmel1	LD	0.005834646129	0	0.04667716903	0	0.005834646129	0	0.005834646129	0.01166929226	0	0.01750393839	0	0.05251181516	0.01166929226	0.05251181516	0.01166929226	0	0.02917323064	0.0408425229	0	0.05251181516	0.01166929226	0.03500787677	0.01750393839	0.05251181516	0	0	0	0	0.01166929226	0	0	0.01166929226
Volvo1	LD	0.02706604114	0.009022013713	0.06315409599	0.009022013713	0.1714182606	0	0.02706604114	0.01804402743	0.009022013713	0.01804402743	0	0.01804402743	0	0.09924215085	0.009022013713	0	0.05413208228	0.03608805485	0	0.126308192	0	0.01804402743	0.01804402743	0.01804402743	0	0	0	0	0.009022013713	0	0	0.01804402743
Altbr1	PATH	0	0.01871257485	0.01871257485	0.08420658683	0.04678143713	0.0374251497	0.01871257485	0.01871257485	0	0.06549401198	0.009356287425	0.06549401198	0.009356287425	0.130988024	0	0.009356287425	0.0748502994	0.04678143713	0.01871257485	0.1684131737	0.01871257485	0	0.02806886228	0.01871257485	0	0	0.01871257485	0.009356287425	0	0	0.009356287425	0.009356287425
Aplpr1	PATH	0	0.007949757532	0.0238492726	0.01589951506	0.01589951506	0.007949757532	0.007949757532	0.01589951506	0	0.0238492726	0	0.0238492726	0.007949757532	0.1271961205	0	0	0.04769854519	0.01589951506	0.007949757532	0.1112966055	0	0.007949757532	0.007949757532	0.0238492726	0	0	0	0	0	0	0.01589951506	0.01589951506
Ascra1	PATH	0	0.009437523594	0.01887504719	0.1132502831	0.04718761797	0.02831257078	0.009437523594	0.02831257078	0	0.06606266516	0.009437523594	0.04718761797	0.009437523594	0.1132502831	0	0	0.08493771234	0.04718761797	0.01887504719	0.1698754247	0.009437523594	0	0.02831257078	0.01887504719	0	0	0.01887504719	0	0	0	0.009437523594	0.01887504719
Chopu	PATH	0.03639275056	0.007278550113	0.01455710023	0	0.0582284009	0	0.02183565034	0.01455710023	0	0.01455710023	0	0.02183565034	0.01455710023	0.1237353519	0.007278550113	0	0.03639275056	0.04367130068	0	0	0	0.01455710023	0.02183565034	0.02911420045	0	0	0	0	0.01455710023	0	0	0.007278550113
Clafu1	PATH	0	0	0.04247186239	0.07786508105	0.01415728746	0.01415728746	0.007078643732	0.02831457493	0	0.03539321866	0	0.007078643732	0.007078643732	0.1344942309	0.007078643732	0	0.09910101225	0.04247186239	0.01415728746	0.1486515184	0.007078643732	0.007078643732	0.007078643732	0.01415728746	0	0	0	0.007078643732	0	0	0.01415728746	0.01415728746
Colto1	PATH	0	0.0159987201	0.0319974402	0.1119910407	0.09599232061	0.04799616031	0.02399808015	0.05599552036	0	0.07199424046	0.007999360051	0.03999680026	0.007999360051	0.2079833613	0	0.007999360051	0.06399488041	0.03999680026	0.0159987201	0.2479801616	0	0.0159987201	0.02399808015	0.0159987201	0	0	0.0159987201	0.007999360051	0.0159987201	0	0.0159987201	0.02399808015
Crypa2	PATH	0	0.01722801275	0.05168403825	0.1292100956	0.0344560255	0.0344560255	0.01722801275	0.04307003187	0	0.05168403825	0.008614006374	0.0344560255	0.02584201912	0.137824102	0	0.008614006374	0.04307003187	0.04307003187	0.008614006374	0.1636661211	0	0	0.01722801275	0.01722801275	0	0	0	0.008614006374	0.01722801275	0	0.02584201912	0.01722801275
Hetan2	PATH	0.01491980604	0.007459903021	0.02983961209	0	0.01491980604	0	0.007459903021	0.02983961209	0	0.02237970906	0	0.02983961209	0.01491980604	0.08205893323	0.007459903021	0	0.06713912719	0.02983961209	0	0.02983961209	0.007459903021	0.01491980604	0.01491980604	0.007459903021	0	0	0	0	0.007459903021	0	0	0.007459903021
Monpe1_1	PATH	0.007374631268	0.007374631268	0.02949852507	0.01474926254	0.06637168142	0.02212389381	0.04424778761	0.03687315634	0	0.02949852507	0	0.02212389381	0.01474926254	0.1769911504	0.02212389381	0	0.08112094395	0.05899705015	0	0.1253687316	0.05899705015	0.02949852507	0.01474926254	0.02949852507	0	0	0	0	0.02212389381	0	0	0.05162241888
Bysni1	PATH	0	0	0.01889644747	0.01889644747	0.009448223734	0.01889644747	0	0.009448223734	0.009448223734	0.0283446712	0	0.01889644747	0.009448223734	0.1322751323	0	0	0.03779289494	0.01889644747	0.009448223734	0.07558578987	0	0	0.009448223734	0.009448223734	0	0	0	0.009448223734	0	0	0.009448223734	0
Photr1	PATH	0	0.01514119161	0.01514119161	0.09084714967	0.03028238322	0.03028238322	0.007570595806	0.02271178742	0	0.06056476645	0.007570595806	0.03785297903	0	0.1211295329	0	0.01514119161	0.07570595806	0.03028238322	0.01514119161	0.1059883413	0.007570595806	0	0.02271178742	0.01514119161	0	0	0.01514119161	0.007570595806	0	0	0.01514119161	0.007570595806
Pyrsp1	PATH	0.00666888963	0.02000666889	0.02667555852	0.09336445482	0.04001333778	0.04001333778	0.02667555852	0.00666888963	0	0.08002667556	0.00666888963	0.02667555852	0	0.1400466822	0	0.01333777926	0.0666888963	0.04001333778	0.01333777926	0.1333777926	0.00666888963	0.00666888963	0.02000666889	0.02000666889	0	0	0.01333777926	0.00666888963	0	0	0.02000666889	0
Rhiso1	PATH	0.01319522333	0	0.07917133997	0.07257372831	0.07257372831	0	0.05937850498	0.01979283499	0	0.01319522333	0	0.02639044666	0.006597611665	0.07917133997	0.006597611665	0	0.05278089332	0.05278089332	0.006597611665	0.09896417497	0.006597611665	0.01319522333	0.02639044666	0.03298805832	0	0	0	0	0.01979283499	0	0	0.01979283499
Aciri1_iso	SR	0	0.008926977325	0.01785395465	0.02678093198	0.02678093198	0.02678093198	0	0.02678093198	0	0.06248884128	0.01785395465	0.05356186395	0.008926977325	0.1071237279	0.008926977325	0.008926977325	0.08926977325	0.08034279593	0.01785395465	0.1071237279	0.008926977325	0.01785395465	0.008926977325	0.02678093198	0	0.01785395465	0	0.008926977325	0.008926977325	0	0.02678093198	0.01785395465
Altal1	SR	0	0.01484891232	0.01484891232	0.1039423862	0.05197119311	0.03712228079	0.02969782463	0.03712228079	0	0.05939564927	0.007424456159	0.02969782463	0	0.1336402109	0	0.01484891232	0.07424456159	0.04454673695	0.01484891232	0.141064667	0.02227336848	0	0.02227336848	0.01484891232	0	0	0.01484891232	0.007424456159	0	0	0.01484891232	0.01484891232
Amnli1	SR	0.01282873637	0.02565747274	0.01282873637	0.02565747274	0.03207184092	0.02565747274	0.01924310455	0.006414368185	0	0.04490057729	0.006414368185	0.01924310455	0	0.0833867864	0	0.01282873637	0.05131494548	0.02565747274	0.006414368185	0.08980115459	0.006414368185	0	0.01924310455	0.02565747274	0	0	0.006414368185	0.006414368185	0	0	0.02565747274	0.006414368185
Ascsa1	SR	0	0.009370314843	0.02811094453	0.03748125937	0.03748125937	0.01874062969	0.009370314843	0.009370314843	0	0.05622188906	0.009370314843	0.03748125937	0.009370314843	0.1499250375	0	0	0.03748125937	0.04685157421	0.01874062969	0.05622188906	0.009370314843	0.01874062969	0.01874062969	0.02811094453	0	0	0.009370314843	0	0.009370314843	0	0.02811094453	0.009370314843
Aurpu_var_pul1	SR	0	0.008427439744	0.01685487949	0.07584695769	0.03370975898	0.02528231923	0.008427439744	0.02528231923	0	0.03370975898	0	0.01685487949	0.01685487949	0.1854036744	0	0.008427439744	0.07584695769	0.03370975898	0.01685487949	0.2528231923	0	0.008427439744	0.02528231923	0.03370975898	0	0	0.008427439744	0.008427439744	0	0	0.01685487949	0.01685487949
Aurpu_var_sub1	SR	0	0	0.01850309927	0.07401239708	0.0277546489	0.0277546489	0.009251549635	0.0277546489	0	0.0277546489	0	0.01850309927	0.01850309927	0.203534092	0	0.009251549635	0.07401239708	0.03700619854	0.01850309927	0.2312887409	0	0.01850309927	0.01850309927	0.0277546489	0	0	0.009251549635	0.009251549635	0	0	0.01850309927	0.01850309927
Chagl_1	SR	0	0.02696871629	0.01797914419	0.04494786048	0.06292700467	0.08090614887	0.01797914419	0.03595828839	0	0.06292700467	0.008989572096	0.02696871629	0	0.1168644373	0	0.01797914419	0.05393743258	0.01797914419	0.008989572096	0.1438331535	0	0	0.01797914419	0.01797914419	0	0	0.03595828839	0.008989572096	0.008989572096	0	0.03595828839	0.008989572096
Conioc1	SR	0.00808570851	0.02829997979	0.01617141702	0.05659995957	0.05659995957	0.05659995957	0.01617141702	0.01617141702	0	0.04851425106	0	0.03234283404	0	0.1334141904	0	0.02425712553	0.08894279361	0.02425712553	0.01617141702	0.1697998787	0.00808570851	0.00808570851	0.02425712553	0.01617141702	0	0	0.01212856277	0.00808570851	0.00808570851	0	0.01617141702	0.00808570851
HyprubER1909_1	SR	0.007166917509	0.02150075253	0.01433383502	0.04300150505	0.02150075253	0.01433383502	0.007166917509	0.007166917509	0	0.07166917509	0.007166917509	0.02150075253	0.01433383502	0.1576721852	0	0.01433383502	0.04300150505	0.02866767004	0.01433383502	0.1648391027	0.01433383502	0	0.01433383502	0.01433383502	0	0	0.007166917509	0.007166917509	0	0	0.03583458754	0.007166917509
Paevar_HGY_1	SR	0	0	0.03250270856	0	0	0.02166847237	0	0.01083423619	0	0.03250270856	0	0.03250270856	0	0.0758396533	0	0	0.05417118093	0.02166847237	0.02166847237	0.08667388949	0	0	0	0.02166847237	0	0	0	0.01083423619	0	0	0.01083423619	0
Phycit1	SR	0	0	0.02638986629	0.03518648839	0.008796622097	0	0.008796622097	0.02638986629	0	0.02638986629	0	0.008796622097	0.008796622097	0.1231527094	0	0	0.06157635468	0.01759324419	0.008796622097	0.08796622097	0	0	0.008796622097	0.01759324419	0	0	0	0	0	0	0.01759324419	0
Thite2	SR	0	0.02038112708	0.02038112708	0.03057169061	0.06114338123	0.05095281769	0.01019056354	0.03057169061	0	0.08152450831	0	0.01019056354	0	0.1426678895	0	0.02038112708	0.08152450831	0.02038112708	0.01019056354	0.09171507184	0	0	0.03057169061	0.02038112708	0	0	0.02038112708	0	0.01019056354	0	0.04076225415	0
Auramp1	UR	0.03852080123	0.01284026708	0.01284026708	0.02568053416	0.03852080123	0	0.01926040062	0.006420133539	0	0.03852080123	0	0.01284026708	0.01926040062	0.07062146893	0.01926040062	0	0.02568053416	0.03210066769	0	0.1219825372	0	0.006420133539	0.006420133539	0.01284026708	0	0	0	0	0.006420133539	0	0.01284026708	0.01926040062
Botbo1	UR	0.04840856832	0.01815321312	0.04235749728	0	0.06656178144	0	0.00605107104	0	0.00605107104	0.01210214208	0.00605107104	0.01815321312	0.01210214208	0.04235749728	0.00605107104	0	0.04235749728	0.00605107104	0	0.00605107104	0	0.01210214208	0.01210214208	0.00605107104	0	0	0	0	0	0	0	0.01210214208
Crevar1	UR	0.02744802031	0.02744802031	0.07548205586	0.02744802031	0.04117203047	0.02058601523	0.006862005078	0.006862005078	0	0.01372401016	0	0.03431002539	0	0.0617580457	0	0.01372401016	0.04803403555	0.04117203047	0	0.03431002539	0.006862005078	0.01372401016	0.02058601523	0.006862005078	0	0	0.01372401016	0	0.006862005078	0	0	0.006862005078
Denbi1	UR	0.01783325903	0.002972209838	0.04161093773	0.02972209838	0.03863872789	0.008916629514	0.005944419676	0.008916629514	0	0.0237776787	0	0.03566651806	0.005944419676	0.06836082627	0.008916629514	0	0.03863872789	0.01783325903	0	0.04458314757	0	0.005944419676	0.008916629514	0.07133303611	0	0.002972209838	0	0	0.005944419676	0	0	0.005944419676
Jaaar1	UR	0.01218100981	0	0.04263353432	0	0.03045252451	0	0.01218100981	0.04872403922	0	0.01827151471	0	0.03045252451	0.006090504903	0.06090504903	0	0	0.03045252451	0.01218100981	0	0.01827151471	0	0.01218100981	0.02436201961	0.01827151471	0	0	0	0	0.006090504903	0	0	0.006090504903
Plucer1	UR	0.01513775356	0.01513775356	0.02522958926	0	0.05045917852	0	0.005045917852	0	0	0.005045917852	0	0.0100918357	0	0.05550509638	0.005045917852	0	0.02522958926	0.03027550711	0	0.02522958926	0.0100918357	0.0100918357	0.01513775356	0.0100918357	0	0	0	0	0.005045917852	0	0	0.005045917852
Schco3	UR	0.02451130584	0.01225565292	0.04289478522	0.01225565292	0.0306391323	0.00612782646	0.01838347938	0.00612782646	0	0.02451130584	0.00612782646	0.00612782646	0.01225565292	0.07353391752	0.01225565292	0	0.02451130584	0.02451130584	0	0	0	0.00612782646	0.00612782646	0.01225565292	0	0	0.00612782646	0	0.00612782646	0	0.01225565292	0.01225565292
Aurde3_1	WR	0.03927884049	0.02356730429	0.1099807534	0.01178365215	0.0157115362	0.01178365215	0.007855768098	0.007855768098	0	0.01963942024	0	0.01963942024	0.01178365215	0.05499037668	0	0.003927884049	0.04320672454	0.02356730429	0	0.1139086374	0.007855768098	0.007855768098	0.01178365215	0.01178365215	0.003927884049	0	0	0	0.003927884049	0	0.003927884049	0.003927884049
Bjead1_1	WR	0.01938861242	0.01292574161	0.09694306211	0	0.02585148323	0	0.01292574161	0.01292574161	0	0.01938861242	0	0.01938861242	0	0.05816583726	0	0	0.02585148323	0.02585148323	0	0.03877722484	0	0.01292574161	0.01292574161	0.01292574161	0	0	0	0	0.01292574161	0	0	0.006462870807
Dicsqu464_1	WR	0.02615233737	0.01307616868	0.05230467473	0	0.03269042171	0	0.01307616868	0.01961425302	0	0.02615233737	0	0.03922850605	0	0.05230467473	0	0	0.03922850605	0.01961425302	0	0.04576659039	0	0.01307616868	0.01307616868	0.01307616868	0	0	0	0	0.006538084341	0	0.006538084341	0.006538084341
Exigl1	WR	0.0709882309	0.02615355875	0.1083504577	0.007472445358	0.02988978143	0.007472445358	0.01120866804	0.007472445358	0	0.01494489072	0	0.03736222679	0.01120866804	0.05604334018	0	0.003736222679	0.04109844947	0.02615355875	0	0.1008780123	0.01120866804	0.007472445358	0.01120866804	0.01494489072	0.003736222679	0	0.01120866804	0	0.003736222679	0	0.007472445358	0.003736222679
Fibsp1	WR	0.009105809506	0	0.03338796819	0.003035269835	0.01517634918	0.01517634918	0.009105809506	0.01214107934	0	0.03642323803	0	0.02428215868	0.009105809506	0.06374066655	0	0	0.0515995872	0.009105809506	0	0.04552904753	0.02124688885	0.006070539671	0.01517634918	0.03035269835	0	0.009105809506	0	0	0.003035269835	0	0.009105809506	0.003035269835
Galma1	WR	0.01397884535	0.004659615116	0.03727692093	0.02795769069	0.04193653604	0.03727692093	0.004659615116	0.01863846046	0.004659615116	0.01397884535	0	0.03727692093	0.004659615116	0.05125576627	0	0	0.01863846046	0.04659615116	0	0.02795769069	0	0.05125576627	0.03261730581	0.02795769069	0	0.004659615116	0.004659615116	0	0.009319230232	0	0	0.009319230232
Gymjun1	WR	0.01216249088	0.02432498176	0.0304062272	0.01216249088	0.0304062272	0.01216249088	0.01216249088	0.01216249088	0	0.01216249088	0	0.02432498176	0	0.06081245439	0.006081245439	0	0.03648747263	0.0304062272	0	0.006081245439	0	0.0304062272	0.01824373632	0.01216249088	0	0	0	0	0.006081245439	0	0	0.006081245439
Hypma	WR	0.01810282404	0.01206854936	0.02413709872	0.00603427468	0.03620564808	0	0.00603427468	0.01206854936	0	0.01810282404	0	0.01810282404	0.00603427468	0.0603427468	0.00603427468	0	0.0301713734	0.02413709872	0	0	0	0.01206854936	0.01810282404	0.02413709872	0	0	0	0	0.00603427468	0	0	0.00603427468
Hypsu1	WR	0.02233264474	0.01116632237	0.03349896712	0.01116632237	0.0390821283	0.01116632237	0.005583161186	0.005583161186	0	0.01674948356	0	0.03349896712	0	0.05024845067	0	0	0.02233264474	0.02233264474	0	0.01674948356	0.005583161186	0.01116632237	0.01116632237	0.01116632237	0	0	0	0	0.005583161186	0	0	0.005583161186
Lened_B_1_1	WR	0.02856734752	0.00714183688	0.0357091844	0	0.02856734752	0.01428367376	0.01428367376	0.0357091844	0	0.02856734752	0.00714183688	0.05713469504	0.00714183688	0.09998571633	0.00714183688	0	0.04285102128	0.02856734752	0	0.04999285816	0	0.01428367376	0.01428367376	0.02856734752	0	0	0	0	0.00714183688	0	0.01428367376	0.01428367376
Lenti7_1	WR	0.02600780234	0.01300390117	0.05201560468	0	0.03901170351	0	0.006501950585	0.02600780234	0	0.01950585176	0	0.02600780234	0	0.05851755527	0	0	0.0455136541	0.03250975293	0	0.03250975293	0	0.01300390117	0.01300390117	0.01300390117	0	0	0	0	0.006501950585	0	0.006501950585	0.006501950585
Lopni1	WR	0.02105373967	0.01052686984	0.04737091426	0.01579030475	0.02631717459	0.01052686984	0.005263434918	0.02105373967	0	0.01579030475	0	0.02631717459	0.01052686984	0.05263434918	0.01052686984	0.005263434918	0.03158060951	0.02631717459	0	0.1157955682	0.005263434918	0.01052686984	0.01052686984	0.01579030475	0	0	0	0	0.005263434918	0	0.005263434918	0.01052686984
Phchr2	WR	0.01470372004	0.01470372004	0.05146302014	0	0.04411116012	0.007351860021	0.007351860021	0.01470372004	0	0.01470372004	0	0.02205558006	0	0.07351860021	0.007351860021	0	0.04411116012	0.02205558006	0	0.02940744008	0	0.01470372004	0.02205558006	0.01470372004	0	0	0	0	0.02940744008	0	0	0.007351860021
Phlrad1	WR	0.0205072117	0.01367147447	0.05468589787	0	0.04785016064	0.006835737234	0.006835737234	0.01367147447	0	0.0205072117	0	0.01367147447	0.006835737234	0.06835737234	0	0	0.02734294894	0.0205072117	0	0.01367147447	0.006835737234	0.01367147447	0.0205072117	0.006835737234	0	0	0	0	0.01367147447	0	0	0.006835737234
Phoaln1	WR	0.01596169194	0.01064112796	0.03724394786	0.01064112796	0.0266028199	0.00532056398	0.00532056398	0.01596169194	0	0.01596169194	0	0.02128225592	0	0.0532056398	0	0	0.0266028199	0.02128225592	0	0.02128225592	0	0.01064112796	0.01596169194	0.01596169194	0	0	0	0	0.00532056398	0	0	0.00532056398
Phocon1	WR	0.01808427271	0.01205618181	0.03616854542	0	0.03616854542	0.01808427271	0.01205618181	0.01205618181	0	0.01205618181	0	0.01808427271	0	0.06028090904	0	0	0.01808427271	0.02411236361	0	0.03014045452	0	0.01205618181	0.01205618181	0.01808427271	0	0	0.01808427271	0	0.006028090904	0	0	0.01205618181
Pleery1	WR	0.01253132832	0.00626566416	0.03759398496	0	0.02506265664	0.01253132832	0.00626566416	0.01253132832	0	0.02506265664	0	0.05012531328	0	0.08145363409	0.00626566416	0	0.0313283208	0.02506265664	0	0.04385964912	0	0.01253132832	0.02506265664	0.00626566416	0	0	0.00626566416	0	0.01879699248	0	0	0.00626566416
PleosPC15_2	WR	0.01622060016	0.008110300081	0.04866180049	0	0.02433090024	0.01622060016	0.008110300081	0.01622060016	0	0.02433090024	0	0.05677210057	0	0.1054339011	0.01622060016	0	0.06488240065	0.03244120032	0	0.06488240065	0	0.01622060016	0.03244120032	0.02433090024	0	0	0.008110300081	0	0.02433090024	0	0	0.008110300081
Polar1	WR	0.02282453638	0.01141226819	0.04564907275	0	0.03423680456	0	0.005706134094	0.01711840228	0	0.02282453638	0	0.01711840228	0	0.07417974322	0.005706134094	0	0.03423680456	0.02282453638	0	0.02853067047	0	0.01141226819	0.01141226819	0.01141226819	0	0	0	0	0.005706134094	0	0.005706134094	0.005706134094
Pycsa1	WR	0.02823861631	0.01411930815	0.04235792446	0	0.04235792446	0	0.01411930815	0.02117896223	0	0.02823861631	0	0.01411930815	0	0.05647723262	0.007059654077	0	0.04235792446	0.01411930815	0	0.02117896223	0	0.01411930815	0.02117896223	0.01411930815	0	0	0	0	0.007059654077	0	0	0.007059654077
Schpa1	WR	0	0.01169727454	0.02924318634	0	0.02924318634	0.005848637268	0.005848637268	0.01169727454	0	0.01169727454	0	0.0175459118	0	0.04678909814	0	0	0.02339454907	0.01169727454	0	0.0175459118	0.0175459118	0.01169727454	0.0175459118	0.01169727454	0	0	0	0	0.0175459118	0	0	0.005848637268
Stehi1	WR	0.02131893121	0.007106310404	0.06395679363	0.007106310404	0.04263786242	0.007106310404	0.01421262081	0.03553155202	0	0.02131893121	0	0.03553155202	0.02842524161	0.1208072769	0.01421262081	0.007106310404	0.05685048323	0.04974417283	0	0.08527572484	0.007106310404	0.01421262081	0.007106310404	0.02131893121	0	0	0	0	0.01421262081	0	0.007106310404	0.007106310404
Trave1	WR	0.0279798545	0.01398992725	0.04196978176	0	0.04196978176	0	0.01398992725	0.03497481813	0	0.03497481813	0	0.0279798545	0	0.09093452714	0.006994963626	0	0.03497481813	0.01398992725	0	0.02098489088	0	0.01398992725	0.01398992725	0.01398992725	0	0	0	0	0.006994963626	0	0	0.006994963626