Species	Lifestyle	AA1	AA1_1	AA1_2	AA1_3	AA2	AA2_dist	AA1_dist
Armbor1	Physalacriaceae	0.005004003	0.115092074	0.010008006	0	0.040032026	0	0
Armcep1	Physalacriaceae	0.004262575	0.098039216	0.008525149	0	0.034100597	0	0
Armect1	Physalacriaceae	0.008177952	0.204448806	0.016355904	0	0.040889761	0	0
Armfum1	Physalacriaceae	0.00621311	0.130475303	0.012426219	0	0.043491768	0.00621311	0
Armfus	Physalacriaceae	0.006147415	0.104506055	0.01229483	0	0.06147415	0	0
Armga1	Physalacriaceae	0.003890445	0.097261127	0.00778089	0	0.031123561	0	0
Armlut1	Physalacriaceae	0.004921744	0.127965351	0.009843489	0	0.03445221	0	0
Armme1_1	Physalacriaceae	0.006909418	0.165826021	0.020728253	0	0.069094175	0	0
Armmel1	Physalacriaceae	0.00639141	0.140611019	0.01278282	0	0.063914099	0	0
Armnab1	Physalacriaceae	0.005259006	0.115698133	0.010518012	0	0.042072048	0	0
Armnov1	Physalacriaceae	0.005390545	0.11859199	0.016171635	0	0.037733815	0.005390545	0
Armosto1	Physalacriaceae	0.004404316	0.10570359	0.008808632	0	0.030830214	0	0
Armost1	Physalacriaceae	0.004805151	0.110518476	0.009610302	0	0.033636058	0	0
Armtab1	Physalacriaceae	0.005254309	0.131357713	0.015762926	0	0.03678016	0	0
Cylto1	Physalacriaceae	0.035868006	0.021520803	0	0	0	0	0
Flaro	Physalacriaceae	0.012769761	0.070233687	0.019154642	0	0.019154642	0	0
Flave	Physalacriaceae	0.008184646	0.090031102	0.016369291	0	0.016369291	0	0
Guyne1	Physalacriaceae	0.014009526	0.133090502	0.014009526	0	0.035023816	0	0
Hymrad1	Physalacriaceae	0.010916633	0.076416433	0.014555511	0	0.025472144	0.003638878	0
Oudmuc1	Physalacriaceae	0.010774701	0.080810258	0.010774701	0	0.043098804	0.005387351	0.005387351
Calco1	BR	0.015177962	0	0.015177962	0	0	0	0.007588981
Calvi1	BR	0.016157699	0	0.016157699	0	0	0	0.032315398
Conol1	BR	0.006698821	0.040192926	0.006698821	0	0	0	0
Conpu1	BR	0.007266914	0.043601482	0.007266914	0	0	0	0
Daequ1	BR	0.008197393	0.02459218	0.008197393	0	0.008197393	0	0.008197393
Fibra1	BR	0.010796804	0.021593608	0.010796804	0	0.010796804	0	0
Fishe1	BR	0.017787264	0.026680896	0.008893632	0	0	0	0
Fompi3	BR	0.007202017	0.036010083	0.007202017	0	0.007202017	0	0
Glotr1_1	BR	0	0.033766672	0.008441668	0	0	0	0
Helsul1	BR	0	0.047732697	0.007955449	0	0	0	0
Hydpi2	BR	0.007535795	0.067822155	0.007535795	0	0	0	0
Laesu1	BR	0.021780166	0.021780166	0.007260055	0	0.007260055	0	0
Neole1	BR	0	0.030385901	0.007596475	0	0	0	0
PosplRSB12_1	BR	0.007973846	0.015947692	0.007973846	0	0.007973846	0	0
SerlaS7_3_2	BR	0.006898931	0.027595723	0.006898931	0	0	0	0
Wolco1	BR	0.007845599	0.023536796	0.007845599	0	0.007845599	0	0
Amamu1	ECM	0	0.099157164	0.005508731	0	0	0	0
FlaPMI526_1	ECM	0	0.110391891	0.005017813	0	0.010035626	0.005017813	0
Hebcy2	ECM	0	0.01300221	0.006501105	0	0.019503316	0	0.006501105
Lacam2	ECM	0	0.039879223	0.011394064	0	0.005697032	0	0
Lacbi2	ECM	0	0	0	0	0	0	0
Paxru2	ECM	0.005263435	0.078951524	0.005263435	0	0	0	0
Paxin1	ECM	0.00556545	0.072350846	0.00556545	0	0	0	0
Pilcr1	ECM	0.023166381	0.050966038	0.013899829	0	0.004633276	0	0.018533105
Pismi1	ECM	0	0.037979491	0.004747436	0	0	0	0
Pisti1	ECM	0	0.052861107	0.004405092	0	0	0	0
Rhives1	ECM	0.007033338	0.175833451	0.007033338	0	0	0	0
Rhivi1	ECM	0.006911328	0.158960536	0.006911328	0	0	0	0
Sclci1	ECM	0	0.047591852	0.004759185	0	0	0	0
Suibr2	ECM	0.004660267	0.079224532	0.004660267	0	0	0	0.0139808
Suilu4	ECM	0.006028454	0.108512178	0.006028454	0	0	0	0
Tulca1	ECM	0.005086729	0	0.005086729	0	0	0	0
Agabi_varbisH97_2	LD	0	0.114964553	0.009580379	0	0.019160759	0	0
Agrped1	LD	0	0.069440426	0.005786702	0	0.069440426	0	0
Amath1	LD	0	0.125555341	0.009658103	0	0	0	0.019316206
Cligib1	LD	0	0.073494672	0.005249619	0	0.047246575	0.010499239	0
Copmic2	LD	0	0.076403922	0.004244662	0	0.012733987	0	0
Copci_AmutBmut1	LD	0	0.119340119	0	0	0.007020007	0	0
Copmar1	LD	0	0.136686714	0	0	0.04784035	0	0
Crula1	LD	0	0.112533408	0.007033338	0	0.10550007	0	0
Gyman1	LD	0	0.098723404	0.006808511	0	0.034042553	0	0.003404255
Gymlu1	LD	0.004533708	0.068005622	0.009067416	0	0.022668541	0	0.004533708
Lepnud1	LD	0	0.161290323	0.00672043	0	0.01344086	0	0
Macfu1	LD	0	0.164546548	0.006328713	0	0.006328713	0	0.069615847
Marfi1	LD	0	0.12867002	0.011697275	0	0.005848637	0	0
Myccro1	LD	0.003308957	0.11250455	0.006617915	0	0.029780616	0.013235829	0
Mycepi1	LD	0.002662194	0.154407263	0.005324388	0	0.079865825	0.037270719	0
Mycflo1	LD	0	0.074639525	0.010178117	0	0.044105174	0.006785411	0
Panpap1	LD	0	0.057254094	0.005725409	0	0.045803275	0	0
Psicub1_1	LD	0	0.142204925	0.00748447	0	0.067360228	0	0
Psiser1	LD	0	0.103352497	0.006459531	0	0.038757186	0	0
Ptegra1	LD	0.015536394	0.124291152	0	0	0.015536394	0	0
Rhobut1_1	LD	0	0.074333188	0.008745081	0	0.008745081	0	0.00437254
Ricmel1	LD	0.005834646	0.046677169	0.005834646	0	0.145866153	0	0
Volvo1	LD	0	0.099242151	0	0	0.054132082	0.009022014	0
Altbr1	PATH	0.018712575	0	0.018712575	0.018712575	0	0.046781437	0
Aplpr1	PATH	0.015899515	0	0.015899515	0.039748788	0	0.015899515	0
Ascra1	PATH	0.018875047	0	0.028312571	0.028312571	0	0.047187618	0
Chopu	PATH	0.0145571	0.349370405	0.00727855	0	0.036392751	0	0
Clafu1	PATH	0.042471862	0	0.007078644	0.063707794	0.007078644	0.014157287	0
Colto1	PATH	0.0399968	0	0.02399808	0.07199424	0	0.05599552	0.02399808
Crypa2	PATH	0.025842019	0	0.008614006	0.086140064	0	0.017228013	0.017228013
Hetan2	PATH	0.014919806	0.089518836	0.007459903	0	0.052219321	0.007459903	0.007459903
Monpe1_1	PATH	0	0.17699115	0.036873156	0	0.029498525	0	0.007374631
Bysni1	PATH	0.056689342	0	0.028344671	0.047241119	0	0.009448224	0
Photr1	PATH	0.007570596	0	0.007570596	0.045423575	0	0.037852979	0.007570596
Pyrsp1	PATH	0.013337779	0	0.00666889	0.033344448	0	0.020006669	0
Rhiso1	PATH	0.11875701	0.065976117	0.006597612	0	0	0	0.013195223
Aciri1_iso	SR	0.035707909	0	0.017853955	0.035707909	0	0.008926977	0
Altal1	SR	0.014848912	0	0.014848912	0.037122281	0	0.029697825	0
Amnli1	SR	0.006414368	0	0.012828736	0.051314945	0	0.032071841	0.006414368
Ascsa1	SR	0.028110945	0	0.009370315	0.037481259	0	0	0
Aurpu_var_pul1	SR	0.016854879	0	0.016854879	0.042137199	0	0.025282319	0
Aurpu_var_sub1	SR	0.00925155	0	0.018503099	0.037006199	0	0.027754649	0
Chagl_1	SR	0.008989572	0	0.017979144	0.04494786	0	0	0
Conioc1	SR	0.048514251	0	0.036385688	0.036385688	0	0.016171417	0.012128563
HyprubER1909_1	SR	0.014333835	0	0.014333835	0.043001505	0.007166918	0.014333835	0.007166918
Paevar_HGY_1	SR	0.086673889	0	0.021668472	0.021668472	0	0	0
Phycit1	SR	0.017593244	0	0.026389866	0.070372977	0	0.017593244	0
Thite2	SR	0.020381127	0	0.020381127	0.050952818	0	0	0
Auramp1	UR	0.032100668	0.025680534	0	0	0	0	0
Botbo1	UR	0.024204284	0	0.006051071	0	0	0	0
Crevar1	UR	0	0.04117203	0.006862005	0	0.006862005	0	0
Denbi1	UR	0.00891663	0.112943974	0.014861049	0	0.032694308	0.00594442	0.00594442
Jaaar1	UR	0.006090505	0.006090505	0.006090505	0	0.006090505	0	0
Plucer1	UR	0	0.055505096	0	0	0.080734686	0	0
Schco3	UR	0.024511306	0.012255653	0	0	0.006127826	0	0
Aurde3_1	WR	0.011783652	0	0	0.027495188	0.074629797	0	0
Bjead1_1	WR	0.006462871	0	0.006462871	0	0.129257416	0	0
Cysmur1	WR	0.007578054	0.098514701	0.007578054	0	0.015156108	0	0
Dicsqu464_1	WR	0.013076169	0.078457012	0.006538084	0	0.078457012	0	0
Exigl1	WR	0.007472445	0	0.003736223	0.026153559	0.134504016	0	0.003736223
Fibsp1	WR	0.00303527	0.103199174	0.00607054	0	0	0	0
Galma1	WR	0.004659615	0.037276921	0.004659615	0	0.107171148	0	0
Gymjun1	WR	0	0.030406227	0.006081245	0	0.091218682	0	0
Hypma	WR	0	0.114651219	0.006034275	0	0.024137099	0	0
Hypsu1	WR	0	0.061414773	0.011166322	0	0.078164257	0	0
Lened_B_1_1	WR	0	0.092843879	0.007141837	0	0.035709184	0	0.007141837
Lenti7_1	WR	0.006501951	0.058517555	0.006501951	0	0.123537061	0	0
Lopni1	WR	0.005263435	0.110532133	0.005263435	0	0.089478394	0	0
Phchr2	WR	0.02940744	0	0.00735186	0	0.11762976	0	0
Phlrad1	WR	0	0.034178686	0.013671474	0	0.068357372	0.006835737	0
Phoaln1	WR	0	0.058526204	0.005320564	0	0.074487896	0	0
Phocon1	WR	0	0.060280909	0.006028091	0	0.090421364	0	0
Pleery1	WR	0	0.062656642	0.006265664	0	0.050125313	0	0
PleosPC15_2	WR	0	0.089213301	0.0081103	0	0.072992701	0	0
Polar1	WR	0.005706134	0.051355207	0.005706134	0	0.114122682	0	0
Pycsa1	WR	0.007059654	0.03529827	0.007059654	0	0.077656195	0	0
Schpa1	WR	0	0.029243186	0.005848637	0	0.105275471	0	0
Stehi1	WR	0.014212621	0.106594656	0.014212621	0	0.042637862	0	0
Trave1	WR	0.006994964	0.048964745	0.013989927	0	0.181869054	0	0
